no_of_runs,mean_accuracy,standard_dev,median,word_decoder_max_epochs,word_finder_min_iters_per_epoch,word_finder_min_potential_words,word_finder_max_epochs,word_finder_max_attempts,no_of_random_letters,time_taken_in_seconds,word_finder_name,best_accuracy,best_decrypted_word_dict
150,28.866666666666667,4.102162904148251,30.0,75,50,5,3,3,0,438.6900372749951,TextBlobWordFinder,40.0,{'0ro0ec0': 'project', '0ala00': 'galaxy', '0e00est': 'request', '0ra0e0': 'brazen', '0o0ey': 'dovey', 's00r0': 'swarm', '0ebr0': 'kebre', '0ri0t': 'lriit', '00amy': 'foamy', '0e00ry': 'sechry'}
150,28.733333333333334,4.062707575147799,30.0,75,50,5,3,3,0,382.82667719500023,TextBlobWordFinder,40.0,{'0ala00': 'galaxy', '0ro0ec0': 'project', '0ra0e0': 'brazen', '0e00est': 'request', '0o0ey': 'dovey', 's00r0': 'swarm', '0ebr0': 'kebre', '0ri0t': 'lriit', '00amy': 'foamy', '0e00ry': 'cehsry'}
150,28.53333333333333,4.394423963237968,30.0,75,75,5,3,3,0,818.2250436139948,TextBlobWordFinder,40.0,{'0ro0ec0': 'project', '0ala00': 'galaxy', '0e00est': 'request', '0ra0e0': 'brazen', '0o0ey': 'dovey', 's00r0': 'swarm', '0ri0t': 'kriet', '00amy': 'foamy', '0ebr0': 'lebri', '0e00ry': 'hecsry'}
150,27.799999999999997,4.758602242467154,30.0,75,100,5,3,3,0,835.377826336,TextBlobWordFinder,40.0,{'0ala00': 'galaxy', '0ro0ec0': 'project', '0e00est': 'request', '0ra0e0': 'brazen', '0o0ey': 'dovey', 's00r0': 'swarm', '0ri0t': 'hriit', '00amy': 'foamy', '0ebr0': 'sebre', '0e00ry': 'leckry'}
150,28.26666666666667,4.597441171389231,30.0,75,125,5,3,3,0,1118.3661266630006,TextBlobWordFinder,40.0,{'0ala00': 'galaxy', '0ro0ec0': 'project', '0e00est': 'bequest', '0o0ey': 'money', 's00r0': 'shore', '0ri0t': 'wrist', '0ra0e0': 'draiea', '0e00ry': 'zekvry', '0ebr0': 'cebrf', '00amy': 'rlamy'}
150,29.133333333333333,4.167091700916584,30.0,75,150,5,3,3,0,1293.6341380279991,TextBlobWordFinder,40.0,{'0ala00': 'galaxy', '0ro0ec0': 'project', '0ra0e0': 'brazen', '0e00est': 'request', '0o0ey': 'dovey', 's00r0': 'swarm', '0e00ry': 'ceeiry', '00amy': 'foamy', '0ri0t': 'kriht', '0ebr0': 'lebrs'}
150,28.666666666666668,4.283050199992985,30.0,75,50,3,3,3,0,375.3731595870049,TextBlobWordFinder,40.0,{'0ro0ec0': 'project', '0ala00': 'galaxy', '0e00est': 'bequest', '0o0ey': 'money', 's00r0': 'score', '0ri0t': 'wrist', '0ebr0': 'debra', '00amy': 'viamy', '0ra0e0': 'hrakel', '0e00ry': 'zerfry'}
150,28.799999999999997,4.322564488632791,30.0,75,50,4,3,3,0,452.93224382000335,TextBlobWordFinder,40.0,{'0ro0ec0': 'project', '0ala00': 'galaxy', '0e00est': 'request', '0ra0e0': 'brazen', '0o0ey': 'dovey', 's00r0': 'swarm', '0e00ry': 'seeiry', '00amy': 'foamy', '0ebr0': 'cebrl', '0ri0t': 'kriht'}
150,27.933333333333334,4.380657096778127,30.0,75,50,5,3,3,0,390.49172963599995,TextBlobWordFinder,40.0,{'0ro0ec0': 'project', '0ala00': 'galaxy', '0e00est': 'request', '0ra0e0': 'brazen', '0o0ey': 'dovey', 's00r0': 'swarm', '0ebr0': 'lebri', '0ri0t': 'kriet', '00amy': 'foamy', '0e00ry': 'hecsry'}
150,28.999999999999996,4.136918413472949,30.0,75,50,6,3,3,0,418.63093738799944,TextBlobWordFinder,40.0,{'0ala00': 'galaxy', '0ro0ec0': 'project', '0ra0e0': 'brazen', '0e00est': 'request', '0o0ey': 'dovey', 's00r0': 'swarm', '0ri0t': 'lriet', '00amy': 'foamy', '0ebr0': 'cebri', '0e00ry': 'heskry'}
150,27.933333333333334,4.531273383801423,30.0,75,50,7,3,3,0,467.734922484,TextBlobWordFinder,40.0,{'0ala00': 'galaxy', '0ro0ec0': 'project', '0e00est': 'bequest', '0o0ey': 'money', 's00r0': 'scare', '0ri0t': 'wrist', '0ebr0': 'vebro', '0ra0e0': 'kraied', '0e00ry': 'fezhry', '00amy': 'lramy'}
150,28.133333333333333,4.394423963237967,30.0,75,50,5,3,3,0,373.13348761800444,TextBlobWordFinder,40.0,{'0ala00': 'galaxy', '0ro0ec0': 'project', '0ra0e0': 'brazen', '0e00est': 'request', '0o0ey': 'dovey', 's00r0': 'swarm', '00amy': 'foamy', '0ebr0': 'sebre', '0ri0t': 'criit', '0e00ry': 'kehlry'}
150,28.933333333333334,3.5039128016690455,30.0,75,50,5,4,3,0,462.2595288110024,TextBlobWordFinder,40.0,{'0ala00': 'galaxy', '0ro0ec0': 'project', '0e00est': 'bequest', 's00r0': 'shore', '0ri0t': 'wrist', '0o0ey': 'money', '00amy': 'raamy', '0e00ry': 'keivry', '0ra0e0': 'frazel', '0ebr0': 'debrc'}
150,28.999999999999996,4.597927750336605,30.0,75,50,5,5,3,0,577.4068323249958,TextBlobWordFinder,40.0,{'0ro0ec0': 'project', '0ala00': 'galaxy', '0e00est': 'request', '0ra0e0': 'brazen', '0o0ey': 'dovey', 's00r0': 'swarm', '00amy': 'foamy', '0e00ry': 'keeiry', '0ebr0': 'lebrs', '0ri0t': 'hrict'}
150,28.866666666666667,4.262630921316628,30.0,75,50,5,6,3,0,756.0502244970121,TextBlobWordFinder,40.0,{'0ala00': 'galaxy', '0ro0ec0': 'project', '0e00est': 'bequest', '0ri0t': 'wrist', '0o0ey': 'money', 's00r0': 'scarf', '00amy': 'leamy', '0ebr0': 'hebri', '0e00ry': 'zeovry', '0ra0e0': 'krader'}
150,28.866666666666667,4.102162904148251,30.0,75,50,5,7,3,0,702.4199285649956,TextBlobWordFinder,40.0,{'0ro0ec0': 'project', '0ala00': 'galaxy', '0ra0e0': 'brazen', '0e00est': 'request', '0o0ey': 'dovey', 's00r0': 'swarm', '0e00ry': 'ceiery', '00amy': 'foamy', '0ebr0': 'lebrk', '0ri0t': 'sriht'}
150,28.666666666666668,4.4369810564002385,30.0,75,50,5,8,3,0,802.860006900999,TextBlobWordFinder,40.0,{'0ala00': 'galaxy', '0ro0ec0': 'project', '0e00est': 'bequest', 's00r0': 'share', '0ri0t': 'wrist', '0o0ey': 'money', '0ebr0': 'cebro', '0e00ry': 'zeilry', '0ra0e0': 'vraked', '00amy': 'rfamy'}
150,28.133333333333333,4.077548063516949,30.0,75,50,5,3,3,0,340.9272412040009,TextBlobWordFinder,40.0,{'0ro0ec0': 'project', '0ala00': 'galaxy', '0e00est': 'bequest', 's00r0': 'share', '0ri0t': 'wrist', '0o0ey': 'money', '0e00ry': 'feiory', '00amy': 'clamy', '0ra0e0': 'drarek', '0ebr0': 'zebrv'}
150,28.46666666666667,4.7397599501227345,30.0,75,50,5,3,4,0,398.68198898999253,TextBlobWordFinder,40.0,{'0ro0ec0': 'project', '0ala00': 'galaxy', '0ra0e0': 'brazen', '0e00est': 'request', '0o0ey': 'dovey', 's00r0': 'swarm', '0ri0t': 'sriet', '00amy': 'foamy', '0e00ry': 'heicry', '0ebr0': 'lebrk'}
150,27.866666666666667,4.858627787977064,30.0,75,50,5,3,5,0,460.5435535160068,TextBlobWordFinder,40.0,{'0ro0ec0': 'project', '0ala00': 'galaxy', '0e00est': 'bequest', 's00r0': 'share', '0ri0t': 'wrist', '0o0ey': 'money', '0ra0e0': 'rraieo', '00amy': 'fvamy', '0e00ry': 'lezcry', '0ebr0': 'debrk'}
10,27.999999999999996,4.216370213557838,30.0,5,50,5,3,3,0,342.1014204009989,TextBlobWordFinder,30.0,{'0ro0ec0': 'project', '0ala00': 'galaxy', '0ra0e0': 'brazen', '0e00est': 'request', '0o0ey': 'dovey', 's00r0': 'swarm', '0e00ry': 'keiory', '00amy': 'heamy', '0ebr0': 'sebrc', '0ri0t': 'frilt'}
20,27.999999999999996,5.231483637805969,30.0,10,50,5,3,3,0,344.29587292099313,TextBlobWordFinder,40.0,{'0ala00': 'galaxy', '0ro0ec0': 'project', '0e00est': 'bequest', 's00r0': 'share', '0ri0t': 'wrist', '0o0ey': 'money', '00amy': 'coamy', '0e00ry': 'feidry', '0ra0e0': 'krarez', '0ebr0': 'lebrv'}
50,28.199999999999996,5.225526045191966,30.0,25,50,5,3,3,0,340.7877673939947,TextBlobWordFinder,40.0,{'0ro0ec0': 'project', '0ala00': 'galaxy', '0ra0e0': 'brazen', '0e00est': 'request', '0o0ey': 'dovey', 's00r0': 'swarm', '00amy': 'foamy', '0ebr0': 'lebri', '0ri0t': 'hriet', '0e00ry': 'kecsry'}
100,28.299999999999997,4.5070091316893635,30.0,50,50,5,3,3,0,338.2501882069919,TextBlobWordFinder,40.0,{'0ro0ec0': 'project', '0ala00': 'galaxy', '0e00est': 'request', '0ra0e0': 'brazen', '0o0ey': 'dovey', 's00r0': 'swarm', '0e00ry': 'seeiry', '00amy': 'foamy', '0ri0t': 'krilt', '0ebr0': 'cebrh'}
150,28.866666666666667,4.417273395496285,30.0,75,50,5,3,3,0,341.425015144996,TextBlobWordFinder,40.0,{'0ala00': 'galaxy', '0ro0ec0': 'project', '0ra0e0': 'brazen', '0e00est': 'request', '0o0ey': 'dovey', 's00r0': 'swarm', '0e00ry': 'leiery', '00amy': 'foamy', '0ri0t': 'krist', '0ebr0': 'hebrc'}
200,28.999999999999996,4.253287230050015,30.0,100,50,5,3,3,0,350.77493387700815,TextBlobWordFinder,40.0,{'0ro0ec0': 'project', '0ala00': 'galaxy', '0e00est': 'request', '0ra0e0': 'brazen', '0o0ey': 'dovey', 's00r0': 'swarm', '0ri0t': 'kriit', '00amy': 'foamy', '0e00ry': 'heelry', '0ebr0': 'sebrc'}
250,28.4,4.463146727910638,30.0,125,50,5,3,3,0,337.42219941799704,TextBlobWordFinder,40.0,{'0ro0ec0': 'project', '0ala00': 'galaxy', '0e00est': 'bequest', '0o0ey': 'money', 's00r0': 'scare', '0ri0t': 'wrist', '0ra0e0': 'zraoei', '00amy': 'lramy', '0ebr0': 'febrv', '0e00ry': 'kedhry'}
300,28.233333333333334,4.5402940200148745,30.0,150,50,5,3,3,0,345.98195392100024,TextBlobWordFinder,40.0,{'0ro0ec0': 'project', '0ala00': 'galaxy', '0ra0e0': 'brazen', '0e00est': 'request', '0o0ey': 'dovey', 's00r0': 'swarm', '0e00ry': 'ceeiry', '00amy': 'foamy', '0ebr0': 'kebrh', '0ri0t': 'srilt'}
150,28.333333333333332,7.36549789790998,30.0,75,0,0,0,0,10,81.26306284999009,PyspellcheckerWordFinder,40.0,{'0ebr0': 'zebra', '0ala00': 'galaxy', '0e00est': 'request', '0o0ey': 'josey', '0ra0e0': 'drawee', '0ri0t': 'print', '00amy': 'foamy', '0e00ry': 'ceikry', '0ro0ec0': 'vrobect', 's00r0': 'shlrm'}
10,4.0,5.163977794943222,0.0,5,0,0,0,0,10,78.32455985499837,PyspellcheckerWordFinder,10.0,{'0e00est': 'bequest', '0o0ey': 'josey', '0ra0e0': 'crater', '0ebr0': 'zebra', '0ala00': 'palang', 's00r0': 'smirk', '00amy': 'loamy', '0ri0t': 'drift', '0ro0ec0': 'xroeech', '0e00ry': 'weyvry'}
20,14.500000000000002,5.104177855340405,10.0,10,0,0,0,0,10,78.83421160800208,PyspellcheckerWordFinder,20.0,{'0ala00': 'galaxy', '0o0ey': 'jokey', '0ri0t': 'wrist', 's00r0': 'sturm', '00amy': 'loamy', '0ebr0': 'debre', '0ra0e0': 'braver', '0ro0ec0': 'proaeci', '0e00ry': 'qenfry', '0e00est': 'cezqest'}
50,19.6,9.889181885643875,20.0,25,0,0,0,0,10,79.95582303398987,PyspellcheckerWordFinder,40.0,{'s00r0': 'shirk', '0o0ey': 'josey', '00amy': 'foamy', '0e00est': 'tempest', '0ebr0': 'zebra', '0e00ry': 'celery', '0ra0e0': 'grader', '0ala00': 'nalaux', '0ro0ec0': 'wroyecq', '0ri0t': 'qribt'}
100,16.0,10.34749762361447,10.0,50,0,0,0,0,10,79.0677957470034,PyspellcheckerWordFinder,50.0,{'0e00est': 'request', '0o0ey': 'jokey', '00amy': 'foamy', '0ebr0': 'zebra', '0ri0t': 'wrist', '0ala00': 'lalage', '0ra0e0': 'braved', 's00r0': 'shirt', '0e00ry': 'cepxry', '0ro0ec0': 'nroyecm'}
150,24.266666666666666,12.334633222507298,20.0,75,0,0,0,0,10,80.8766654550127,PyspellcheckerWordFinder,60.0,{'0e00est': 'request', '0o0ey': 'jokey', '0ri0t': 'wrist', '00amy': 'foamy', '0ebr0': 'zebra', '0ala00': 'palang', '0e00ry': 'celery', '0ra0e0': 'braved', 's00r0': 'simrt', '0ro0ec0': 'yroxecx'}
200,21.65,11.376494324508664,20.0,100,0,0,0,0,10,83.04013125800702,PyspellcheckerWordFinder,50.0,{'0ri0t': 'wrist', '0ala00': 'galaxy', '0e00est': 'request', '0o0ey': 'jokey', '0ra0e0': 'braden', '00amy': 'foamy', '0ebr0': 'zebra', 's00r0': 'spire', '0ro0ec0': 'hrocecm', '0e00ry': 'tevlry'}
250,7.76,4.177584090756447,10.0,125,0,0,0,0,10,81.86127183499048,PyspellcheckerWordFinder,10.0,{'0e00est': 'sexiest', '0ra0e0': 'tracey', '0ebr0': 'zebra', '0o0ey': 'jokey', 's00r0': 'spurr', '0ri0t': 'drift', '00amy': 'loamy', '0ala00': 'galaen', '0ro0ec0': 'qrobecv', '0e00ry': 'mehqry'}
300,31.7,3.762604235825436,30.0,150,0,0,0,0,10,80.59971776598832,PyspellcheckerWordFinder,40.0,{'0e00est': 'request', '0ala00': 'galaxy', 's00r0': 'smirk', '0ebr0': 'zebra', '0ra0e0': 'drawee', '0o0ey': 'josey', '0ri0t': 'britt', '00amy': 'foamy', '0ro0ec0': 'lrocecn', '0e00ry': 'vehpry'}
150,15.4,7.739899241492513,20.0,75,0,0,0,0,5,46.09285173598619,PyspellcheckerWordFinder,40.0,{'s00r0': 'stern', '0ala00': 'galaxy', '0o0ey': 'jokey', '0ra0e0': 'cramer', '0ri0t': 'wrist', '0ebr0': 'zebra', '00amy': 'foamy', '0ro0ec0': 'proiecu', '0e00ry': 'hevqry', '0e00est': 'bedqest'}
150,10.466666666666667,8.054901102269215,10.0,75,0,0,0,0,10,80.57248004499706,PyspellcheckerWordFinder,30.0,{'00amy': 'foamy', '0e00est': 'sexiest', '0ebr0': 'zebra', '0o0ey': 'jokey', '0ri0t': 'britt', '0ala00': 'palang', '0ra0e0': 'drawer', '0e00ry': 'celery', '0ro0ec0': 'yrouech', 's00r0': 'sqvrm'}
150,28.733333333333334,11.009249720954854,30.0,75,0,0,0,0,15,116.0811287539982,PyspellcheckerWordFinder,50.0,{'s00r0': 'sperm', '0e00est': 'request', '0ala00': 'galaxy', '0o0ey': 'jokey', '0e00ry': 'hendry', '00amy': 'foamy', '0ra0e0': 'travel', '0ri0t': 'wrist', '0ebr0': 'zebra', '0ro0ec0': 'croiecb'}
150,25.8,9.849198516092361,25.0,75,0,0,0,0,20,153.07919283800584,PyspellcheckerWordFinder,50.0,{'0ala00': 'galaxy', '0o0ey': 'josey', '0e00est': 'request', '0ra0e0': 'braved', '0ebr0': 'zebra', 's00r0': 'shirl', '00amy': 'foamy', '0ri0t': 'print', '0e00ry': 'teecry', '0ro0ec0': 'wrokecm'}
150,27.6,9.024946782642555,30.0,75,0,0,0,0,25,186.3044131760107,PyspellcheckerWordFinder,50.0,{'s00r0': 'shirk', '0ala00': 'galaxy', '0e00est': 'request', '0o0ey': 'josey', '0ra0e0': 'drawee', '0ebr0': 'zebra', '00amy': 'foamy', '0ri0t': 'britt', '0ro0ec0': 'pronecv', '0e00ry': 'meclry'}
150,17.533333333333335,10.293457012621829,20.0,75,0,0,0,0,26,193.48562488499738,PyspellcheckerWordFinder,40.0,{'0ra0e0': 'drapes', '0o0ey': 'jokey', '0ala00': 'galaxy', '0ebr0': 'zebra', '0e00est': 'request', 's00r0': 'snort', '0e00ry': 'celery', '0ro0ec0': 'mroiecb', '00amy': 'hvamy', '0ri0t': 'friwt'}
150,28.066666666666666,4.734092638470405,30.0,75,50,5,3,3,0,349.6228272610024,TextBlobWordFinder,40.0,{'0ro0ec0': 'project', '0ala00': 'galaxy', '0ra0e0': 'brazen', '0e00est': 'request', '0o0ey': 'dovey', 's00r0': 'swarm', '0ebr0': 'hebri', '00amy': 'foamy', '0e00ry': 'seekry', '0ri0t': 'lrict'}
150,27.866666666666667,5.256720424341283,30.0,75,50,5,3,3,0,345.06217328298953,TextBlobWordFinder,40.0,{'0ala00': 'galaxy', '0ro0ec0': 'project', '0e00est': 'request', '0ra0e0': 'brazen', '0o0ey': 'dovey', 's00r0': 'swarm', '00amy': 'foamy', '0e00ry': 'leiery', '0ebr0': 'cebrk', '0ri0t': 'hrist'}
150,28.46666666666667,4.5959811254608995,30.0,75,75,5,3,3,0,525.4312021330115,TextBlobWordFinder,40.0,{'0ala00': 'galaxy', '0ro0ec0': 'project', '0e00est': 'bequest', '0ri0t': 'wrist', '0o0ey': 'money', 's00r0': 'scarf', '0e00ry': 'reeiry', '0ebr0': 'zebro', '0ra0e0': 'hraked', '00amy': 'lvamy'}
150,28.999999999999996,3.9713740796526475,30.0,75,100,5,3,3,0,690.1179460900021,TextBlobWordFinder,40.0,{'0ala00': 'galaxy', '0ro0ec0': 'project', '0e00est': 'bequest', 's00r0': 'shore', '0ri0t': 'wrist', '0o0ey': 'money', '0ra0e0': 'kraaei', '0e00ry': 'vefrry', '0ebr0': 'cebrz', '00amy': 'dlamy'}
150,28.4,4.026756151130974,30.0,75,125,5,3,3,0,854.6876322699973,TextBlobWordFinder,40.0,{'0ala00': 'galaxy', '0ro0ec0': 'project', '0ra0e0': 'brazen', '0e00est': 'request', '0o0ey': 'dovey', 's00r0': 'swarm', '0ri0t': 'hriit', '0ebr0': 'sebre', '00amy': 'foamy', '0e00ry': 'kelcry'}
150,28.133333333333333,4.238947993250855,30.0,75,150,5,3,3,0,1032.1777544129873,TextBlobWordFinder,40.0,{'0ala00': 'galaxy', '0ro0ec0': 'project', '0e00est': 'bequest', 's00r0': 'share', '0ra0e0': 'drawer', '0o0ey': 'money', '00amy': 'foamy', '0e00ry': 'veikry', '0ebr0': 'sebrl', '0ri0t': 'crizt'}
150,28.333333333333332,3.914637248516397,30.0,75,50,3,3,3,0,317.98051529000804,TextBlobWordFinder,40.0,{'0ro0ec0': 'project', '0ala00': 'galaxy', '0ra0e0': 'brazen', '0e00est': 'request', '0o0ey': 'dovey', 's00r0': 'swarm', '00amy': 'foamy', '0ebr0': 'cebre', '0e00ry': 'seilry', '0ri0t': 'kriht'}
150,28.26666666666667,4.449065457507919,30.0,75,50,4,3,3,0,316.1248547610012,TextBlobWordFinder,40.0,{'0ala00': 'galaxy', '0ro0ec0': 'project', '0ra0e0': 'brazen', '0e00est': 'request', '0o0ey': 'dovey', 's00r0': 'swarm', '0e00ry': 'ceiery', '00amy': 'foamy', '0ri0t': 'lrikt', '0ebr0': 'hebrs'}
150,32.86666666666667,7.971144829203845,30.0,75,50,5,3,3,0,343.7656905979966,TextBlobWordFinder,50.0,{'0ala00': 'galaxy', '0ro0ec0': 'project', '0ra0e0': 'brazen', '0e00est': 'request', '0o0ey': 'dovey', 's00r0': 'sacre', '0ri0t': 'wrist', '0ebr0': 'mebri', '00amy': 'foamy', '0e00ry': 'kehlry'}
150,28.933333333333334,3.5039128016690455,30.0,75,50,6,3,3,0,344.45391421999375,TextBlobWordFinder,40.0,{'0ala00': 'galaxy', '0ro0ec0': 'project', '0ra0e0': 'brazen', '0e00est': 'request', '0o0ey': 'dovey', 's00r0': 'swarm', '0ri0t': 'lriit', '0ebr0': 'cebre', '00amy': 'foamy', '0e00ry': 'sekhry'}
150,27.999999999999996,4.776901919268253,30.0,75,50,7,3,3,0,372.6955994269956,TextBlobWordFinder,40.0,{'0ro0ec0': 'project', '0ala00': 'galaxy', '0ra0e0': 'brazen', '0e00est': 'request', '0o0ey': 'dovey', 's00r0': 'swarm', '00amy': 'foamy', '0ri0t': 'criet', '0ebr0': 'hebri', '0e00ry': 'selkry'}
150,28.666666666666668,3.9572661342485786,30.0,75,50,5,3,3,0,339.0091566140036,TextBlobWordFinder,40.0,{'0ala00': 'galaxy', '0ro0ec0': 'project', '0ra0e0': 'brazen', '0e00est': 'request', '0o0ey': 'dovey', 's00r0': 'swarm', '0ebr0': 'sebri', '0ri0t': 'kriet', '00amy': 'foamy', '0e00ry': 'lechry'}
150,29.06666666666667,3.90261771839472,30.0,75,50,5,4,3,0,431.99617311499605,TextBlobWordFinder,40.0,{'0ala00': 'galaxy', '0ro0ec0': 'project', '0ra0e0': 'brazen', '0e00est': 'request', '0o0ey': 'dovey', 's00r0': 'swarm', '00amy': 'foamy', '0ri0t': 'hriit', '0ebr0': 'cebre', '0e00ry': 'kelsry'}
150,28.46666666666667,4.134754753066854,30.0,75,50,5,5,3,0,531.7409035029996,TextBlobWordFinder,40.0,{'0ro0ec0': 'project', '0ala00': 'galaxy', '0e00est': 'bequest', 's00r0': 'shore', '0ri0t': 'wrist', '0o0ey': 'money', '0e00ry': 'ceairy', '0ra0e0': 'rrafev', '0ebr0': 'kebrz', '00amy': 'ldamy'}
150,28.666666666666668,4.585747787880316,30.0,75,50,5,6,3,0,613.4870774110022,TextBlobWordFinder,40.0,{'0ro0ec0': 'project', '0ala00': 'galaxy', '0e00est': 'bequest', '0o0ey': 'money', 's00r0': 'sacre', '0ri0t': 'wrist', '0ebr0': 'hebri', '00amy': 'koamy', '0ra0e0': 'vrarel', '0e00ry': 'dezfry'}
150,28.53333333333333,4.394423963237968,30.0,75,50,5,7,3,0,709.1865603850019,TextBlobWordFinder,40.0,{'0ala00': 'galaxy', '0ro0ec0': 'project', '0ra0e0': 'brazen', '0e00est': 'request', '0o0ey': 'dovey', 's00r0': 'swarm', '0ri0t': 'kriet', '00amy': 'foamy', '0ebr0': 'hebri', '0e00ry': 'lescry'}
150,28.4,4.499067763243295,30.0,75,50,5,8,3,0,797.8818166319979,TextBlobWordFinder,40.0,{'0ala00': 'galaxy', '0ro0ec0': 'project', '0e00est': 'request', '0ra0e0': 'brazen', '0o0ey': 'dovey', 's00r0': 'swarm', '0ebr0': 'lebre', '00amy': 'foamy', '0e00ry': 'heikry', '0ri0t': 'srict'}
150,29.06666666666667,4.388310687897143,30.0,75,50,5,3,3,0,347.5476081300003,TextBlobWordFinder,40.0,{'0ala00': 'galaxy', '0ro0ec0': 'project', '0ra0e0': 'brazen', '0e00est': 'request', '0o0ey': 'dovey', 's00r0': 'swarm', '00amy': 'foamy', '0ebr0': 'cebri', '0e00ry': 'heesry', '0ri0t': 'krilt'}
150,29.133333333333333,4.002795443768423,30.0,75,50,5,3,4,0,402.9718542860064,TextBlobWordFinder,40.0,{'0ala00': 'galaxy', '0ro0ec0': 'project', '0ra0e0': 'brazen', '0e00est': 'request', '0o0ey': 'dovey', 's00r0': 'swarm', '0ebr0': 'sebri', '00amy': 'foamy', '0ri0t': 'lriet', '0e00ry': 'kechry'}
150,28.4,4.347335834630262,30.0,75,50,5,3,5,0,463.12091162000434,TextBlobWordFinder,40.0,{'0ro0ec0': 'project', '0ala00': 'galaxy', '0e00est': 'request', '0ra0e0': 'brazen', '0o0ey': 'dovey', 's00r0': 'swarm', '00amy': 'foamy', '0ri0t': 'criit', '0ebr0': 'kebre', '0e00ry': 'selhry'}
10,25.0,5.270462766947298,25.0,5,50,5,3,3,0,338.53789463298745,TextBlobWordFinder,30.0,{'0ro0ec0': 'project', '0ala00': 'galaxy', '0ra0e0': 'brazen', '0e00est': 'request', '0o0ey': 'dovey', 's00r0': 'swarm', '0e00ry': 'keoery', '0ebr0': 'hebri', '00amy': 'fcamy', '0ri0t': 'srilt'}
20,30.0,3.244428422615251,30.0,10,50,5,3,3,0,345.116237003007,TextBlobWordFinder,40.0,{'0ro0ec0': 'project', '0ala00': 'galaxy', '0ra0e0': 'brazen', '0e00est': 'request', '0o0ey': 'dovey', 's00r0': 'swarm', '00amy': 'foamy', '0e00ry': 'seeiry', '0ri0t': 'lrikt', '0ebr0': 'hebrc'}
50,29.599999999999998,4.499433070863891,30.0,25,50,5,3,3,0,343.4629604280053,TextBlobWordFinder,40.0,{'0ala00': 'galaxy', '0ro0ec0': 'project', '0ra0e0': 'brazen', '0e00est': 'request', '0o0ey': 'dovey', 's00r0': 'swarm', '00amy': 'foamy', '0e00ry': 'ceeiry', '0ebr0': 'kebrh', '0ri0t': 'lrist'}
100,28.799999999999997,4.08989886516436,30.0,50,50,5,3,3,0,341.1898132109927,TextBlobWordFinder,40.0,{'0ro0ec0': 'project', '0ala00': 'galaxy', '0e00est': 'bequest', 's00r0': 'shore', '0ri0t': 'wrist', '0o0ey': 'money', '0e00ry': 'reairy', '00amy': 'ckamy', '0ebr0': 'zebrd', '0ra0e0': 'lravef'}
150,28.599999999999998,4.339609978454362,30.0,75,50,5,3,3,0,345.9179628210113,TextBlobWordFinder,40.0,{'0ro0ec0': 'project', '0ala00': 'galaxy', '0e00est': 'bequest', 's00r0': 'score', '0o0ey': 'honey', '0ri0t': 'wrist', '0ra0e0': 'framed', '0ebr0': 'zebra', '00amy': 'viamy', '0e00ry': 'relkry'}
200,28.449999999999996,4.494273296352988,30.0,100,50,5,3,3,0,341.81443209500867,TextBlobWordFinder,40.0,{'0ro0ec0': 'project', '0ala00': 'galaxy', '0ra0e0': 'brazen', '0e00est': 'request', '0o0ey': 'dovey', 's00r0': 'swarm', '0ebr0': 'sebre', '00amy': 'foamy', '0ri0t': 'hriit', '0e00ry': 'lekcry'}
250,28.84,3.675382120941951,30.0,125,50,5,3,3,0,338.5812371420034,TextBlobWordFinder,40.0,{'0ala00': 'galaxy', '0ro0ec0': 'project', '0e00est': 'request', '0ra0e0': 'brazen', '0o0ey': 'dovey', 's00r0': 'swarm', '00amy': 'foamy', '0e00ry': 'keeiry', '0ebr0': 'cebrh', '0ri0t': 'lrist'}
300,27.73333333333333,4.426533959945492,30.0,150,50,5,3,3,0,339.3003114180028,TextBlobWordFinder,40.0,{'0ala00': 'galaxy', '0ro0ec0': 'project', '0ra0e0': 'brazen', '0e00est': 'request', '0o0ey': 'dovey', 's00r0': 'swarm', '0ebr0': 'kebre', '0ri0t': 'criit', '00amy': 'foamy', '0e00ry': 'helsry'}
150,15.266666666666667,5.009610450724582,20.0,75,0,0,0,0,10,81.69732283600024,PyspellcheckerWordFinder,20.0,{'0e00est': 'bequest', '0ebr0': 'zebra', '0o0ey': 'jokey', '0e00ry': 'hendry', '0ra0e0': 'travel', 's00r0': 'sorry', '0ala00': 'palace', '0ri0t': 'wrist', '0ro0ec0': 'xroiecx', '00amy': 'fgamy'}
10,24.000000000000004,13.498971154211059,20.0,5,0,0,0,0,10,78.90820283400535,PyspellcheckerWordFinder,40.0,{'0ala00': 'galaxy', '0ebr0': 'zebra', '0o0ey': 'josey', '0e00est': 'request', 's00r0': 'shirk', '0ra0e0': 'framed', '00amy': 'loamy', '0ri0t': 'pritt', '0e00ry': 'ceebry', '0ro0ec0': 'wronecv'}
20,37.5,10.69923755276638,35.0,10,0,0,0,0,10,77.03764144700835,PyspellcheckerWordFinder,50.0,{'0e00est': 'request', '0ala00': 'galaxy', '0o0ey': 'jokey', '0ri0t': 'wrist', '0e00ry': 'hendry', '0ebr0': 'zebra', '00amy': 'foamy', '0ra0e0': 'travel', 's00r0': 'sierp', '0ro0ec0': 'mrocecb'}
50,20.400000000000002,8.797031039051802,20.0,25,0,0,0,0,10,79.82092840300174,PyspellcheckerWordFinder,30.0,{'0e00est': 'request', '0o0ey': 'jokey', '0e00ry': 'hendry', '0ri0t': 'britt', '0ra0e0': 'gravel', '0ebr0': 'zebra', '00amy': 'foamy', '0ala00': 'malawi', '0ro0ec0': 'xroeecc', 's00r0': 'spsry'}
100,15.7,10.075974023649154,20.0,50,0,0,0,0,10,82.77886436300469,PyspellcheckerWordFinder,50.0,{'0o0ey': 'mobey', '00amy': 'foamy', '0ri0t': 'wrist', '0ra0e0': 'graver', '0ebr0': 'zebra', '0e00ry': 'celery', 's00r0': 'shirk', '0ro0ec0': 'prouecx', '0e00est': 'qeqnest', '0ala00': 'dalaty'}
150,18.4,9.488955077160806,20.0,75,0,0,0,0,10,79.30881197200506,PyspellcheckerWordFinder,40.0,{'0e00est': 'request', '0o0ey': 'josey', '0ebr0': 'zebra', '00amy': 'foamy', '0ra0e0': 'drawee', '0ri0t': 'print', 's00r0': 'shirk', '0ala00': 'malavy', '0e00ry': 'xetgry', '0ro0ec0': 'crolecb'}
200,18.3,9.463497711983852,20.0,100,0,0,0,0,10,78.37309780399664,PyspellcheckerWordFinder,40.0,{'s00r0': 'sgurr', '0o0ey': 'jokey', '0ri0t': 'wrist', '00amy': 'foamy', '0e00ry': 'celery', '0ebr0': 'zebra', '0ra0e0': 'prayed', '0ala00': 'balaix', '0e00est': 'qemnest', '0ro0ec0': 'vroxech'}
250,23.28,13.035385883837971,20.0,125,0,0,0,0,10,81.50057747701067,PyspellcheckerWordFinder,60.0,{'0o0ey': 'boney', '0ala00': 'galaxy', '0e00est': 'request', '0ebr0': 'zebra', '0ri0t': 'wrist', 's00r0': 'shirk', '00amy': 'foamy', '0ra0e0': 'tralee', '0e00ry': 'vepmry', '0ro0ec0': 'crodecj'}
300,18.366666666666667,7.992401631237358,20.0,150,0,0,0,0,10,83.49054390400124,PyspellcheckerWordFinder,40.0,{'0o0ey': 'money', '0e00est': 'request', '0ebr0': 'zebra', '0ri0t': 'britt', '0ala00': 'calais', '00amy': 'foamy', '0ra0e0': 'grapey', '0e00ry': 'jeexry', '0ro0ec0': 'xrokecv', 's00r0': 'swlrh'}
150,22.8,4.505030745003059,20.0,75,0,0,0,0,5,43.29483084700769,PyspellcheckerWordFinder,30.0,{'0ebr0': 'zebra', '0e00est': 'bequest', '0ra0e0': 'tracey', '0o0ey': 'jokey', '0ri0t': 'wrist', '0e00ry': 'hendry', '00amy': 'foamy', 's00r0': 'seirx', '0ro0ec0': 'rromecg', '0ala00': 'lalapx'}
150,18.266666666666666,5.277108556810059,20.0,75,0,0,0,0,10,82.08505251699535,PyspellcheckerWordFinder,30.0,{'0e00est': 'bequest', '0o0ey': 'jokey', '0ra0e0': 'travel', '0e00ry': 'hendry', '0ri0t': 'wrist', '0ebr0': 'zebra', '00amy': 'foamy', '0ala00': 'malaei', '0ro0ec0': 'croyecg', 's00r0': 'sprrx'}
150,26.266666666666666,11.559398202367408,30.0,75,0,0,0,0,15,116.20794536199537,PyspellcheckerWordFinder,50.0,{'0e00est': 'request', '0ala00': 'galaxy', '0o0ey': 'josey', '0ra0e0': 'travel', '0ebr0': 'zebra', 's00r0': 'shirk', '0ri0t': 'print', '00amy': 'foamy', '0e00ry': 'deemry', '0ro0ec0': 'brocecw'}
150,29.26666666666667,9.972893911768614,30.0,75,0,0,0,0,20,152.2383014280058,PyspellcheckerWordFinder,50.0,{'0e00est': 'request', '0ala00': 'galaxy', '0o0ey': 'josey', '0ra0e0': 'drawee', '0ebr0': 'zebra', 's00r0': 'shirk', '0ri0t': 'britt', '00amy': 'foamy', '0e00ry': 'lemnry', '0ro0ec0': 'vrocecp'}
150,22.8,13.2664991614216,20.0,75,0,0,0,0,25,186.05098076700233,PyspellcheckerWordFinder,70.0,{'0o0ey': 'money', '0e00est': 'request', '0ala00': 'galaxy', '0ra0e0': 'tralee', '0ebr0': 'zebra', 's00r0': 'shirk', '0ri0t': 'wrist', '00amy': 'foamy', '0ro0ec0': 'jrobecv', '0e00ry': 'pecdry'}
150,23.6,11.943940644561383,20.0,75,0,0,0,0,26,193.43006157099444,PyspellcheckerWordFinder,60.0,{'0ra0e0': 'braved', '0o0ey': 'jokey', '0ala00': 'galaxy', '0ebr0': 'zebra', '0e00est': 'request', 's00r0': 'sport', '0ri0t': 'wrist', '0e00ry': 'celery', '0ro0ec0': 'mroiech', '00amy': 'fnamy'}
150,28.799999999999997,4.475136382009367,30.0,75,50,5,3,3,0,341.9855605880002,TextBlobWordFinder,40.0,{'0ala00': 'galaxy', '0ro0ec0': 'project', '0ra0e0': 'brazen', '0e00est': 'request', '0o0ey': 'dovey', 's00r0': 'swarm', '0ebr0': 'hebre', '00amy': 'foamy', '0ri0t': 'sriit', '0e00ry': 'celkry'}
150,28.26666666666667,4.295567665163188,30.0,75,50,5,3,3,0,343.024313943999,TextBlobWordFinder,40.0,{'0ro0ec0': 'project', '0ala00': 'galaxy', '0e00est': 'request', '0ra0e0': 'brazen', '0o0ey': 'dovey', 's00r0': 'swarm', '0e00ry': 'keiery', '00amy': 'foamy', '0ri0t': 'hrilt', '0ebr0': 'sebrc'}
150,27.933333333333334,4.677041838378381,30.0,75,75,5,3,3,0,506.4781632840022,TextBlobWordFinder,40.0,{'0ro0ec0': 'project', '0ala00': 'galaxy', '0e00est': 'request', '0ra0e0': 'brazen', '0o0ey': 'dovey', 's00r0': 'swarm', '0ebr0': 'cebre', '00amy': 'foamy', '0ri0t': 'lriit', '0e00ry': 'heksry'}
150,28.53333333333333,4.077548063516949,30.0,75,100,5,3,3,0,675.2176342240127,TextBlobWordFinder,40.0,{'0ala00': 'galaxy', '0ro0ec0': 'project', '0ra0e0': 'brazen', '0e00est': 'request', '0o0ey': 'dovey', 's00r0': 'swarm', '0ri0t': 'lriet', '00amy': 'foamy', '0ebr0': 'hebri', '0e00ry': 'kescry'}
150,28.999999999999996,4.296088434718979,30.0,75,125,5,3,3,0,848.5357666510099,TextBlobWordFinder,40.0,{'0ala00': 'galaxy', '0ro0ec0': 'project', '0e00est': 'bequest', 's00r0': 'shore', '0ri0t': 'wrist', '0o0ey': 'money', '0e00ry': 'reairy', '00amy': 'vzamy', '0ra0e0': 'kradef', '0ebr0': 'cebrl'}
150,28.4,4.347335834630262,30.0,75,150,5,3,3,0,1020.1163497490052,TextBlobWordFinder,40.0,{'0ala00': 'galaxy', '0ro0ec0': 'project', '0ra0e0': 'brazen', '0e00est': 'request', '0o0ey': 'dovey', 's00r0': 'swarm', '00amy': 'foamy', '0ebr0': 'sebri', '0e00ry': 'ceehry', '0ri0t': 'lrikt'}
150,28.999999999999996,4.296088434718979,30.0,75,50,3,3,3,0,311.563343094007,TextBlobWordFinder,40.0,{'0ro0ec0': 'project', '0ala00': 'galaxy', '0ra0e0': 'brazen', '0e00est': 'request', '0o0ey': 'dovey', 's00r0': 'swarm', '0e00ry': 'leiery', '00amy': 'foamy', '0ebr0': 'cebrs', '0ri0t': 'hrikt'}
150,27.866666666666667,4.424863652647278,30.0,75,50,4,3,3,0,318.6407349450019,TextBlobWordFinder,40.0,{'0ala00': 'galaxy', '0ro0ec0': 'project', '0e00est': 'request', '0ra0e0': 'brazen', '0o0ey': 'dovey', 's00r0': 'swarm', '0ri0t': 'hriit', '0ebr0': 'kebre', '00amy': 'foamy', '0e00ry': 'seclry'}
150,28.666666666666668,3.783870158723216,30.0,75,50,5,3,3,0,345.97113592100504,TextBlobWordFinder,40.0,{'0ala00': 'galaxy', '0ro0ec0': 'project', '0e00est': 'bequest', 's00r0': 'share', '0ri0t': 'wrist', '0o0ey': 'money', '0e00ry': 'feoiry', '00amy': 'dzamy', '0ebr0': 'kebrc', '0ra0e0': 'lraver'}
150,28.999999999999996,3.4270930017951096,30.0,75,50,6,3,3,0,340.0073871009954,TextBlobWordFinder,40.0,{'0ro0ec0': 'project', '0ala00': 'galaxy', '0e00est': 'request', '0ra0e0': 'brazen', '0o0ey': 'dovey', 's00r0': 'swarm', '00amy': 'foamy', '0ebr0': 'cebri', '0ri0t': 'sriet', '0e00ry': 'lehkry'}
150,27.999999999999996,4.6342755709079375,30.0,75,50,7,3,3,0,372.189871990995,TextBlobWordFinder,40.0,{'0ro0ec0': 'project', '0ala00': 'galaxy', '0ra0e0': 'brazen', '0e00est': 'request', '0o0ey': 'dovey', 's00r0': 'swarm', '00amy': 'foamy', '0ri0t': 'hriet', '0e00ry': 'keicry', '0ebr0': 'lebrs'}
150,27.933333333333334,4.531273383801423,30.0,75,50,5,3,3,0,342.1033459640021,TextBlobWordFinder,40.0,{'0ala00': 'galaxy', '0ro0ec0': 'project', '0e00est': 'bequest', 's00r0': 'shore', '0ri0t': 'wrist', '0o0ey': 'money', '00amy': 'raamy', '0ebr0': 'cebri', '0e00ry': 'kefdry', '0ra0e0': 'vralez'}
150,28.26666666666667,4.7411757195425075,30.0,75,50,5,4,3,0,430.7152679920109,TextBlobWordFinder,40.0,{'0ala00': 'galaxy', '0ro0ec0': 'project', '0ra0e0': 'brazen', '0e00est': 'request', '0o0ey': 'dovey', 's00r0': 'swarm', '0ebr0': 'kebre', '00amy': 'foamy', '0ri0t': 'criit', '0e00ry': 'helsry'}
150,28.53333333333333,4.544584012632479,30.0,75,50,5,5,3,0,526.4476935969869,TextBlobWordFinder,40.0,{'0ro0ec0': 'project', '0ala00': 'galaxy', '0ra0e0': 'brazen', '0e00est': 'request', '0o0ey': 'dovey', 's00r0': 'swarm', '0e00ry': 'leiery', '00amy': 'foamy', '0ebr0': 'kebrs', '0ri0t': 'criht'}
150,28.933333333333334,4.509001685170234,30.0,75,50,5,6,3,0,619.7535617660033,TextBlobWordFinder,40.0,{'0ala00': 'galaxy', '0ro0ec0': 'project', '0ra0e0': 'brazen', '0e00est': 'request', '0o0ey': 'dovey', 's00r0': 'swarm', '0ebr0': 'cebre', '00amy': 'foamy', '0e00ry': 'leikry', '0ri0t': 'sriht'}
150,28.333333333333332,4.549012233908649,30.0,75,50,5,7,3,0,696.8315941239998,TextBlobWordFinder,40.0,{'0ro0ec0': 'project', '0ala00': 'galaxy', '0ra0e0': 'brazen', '0e00est': 'request', '0o0ey': 'dovey', 's00r0': 'swarm', '0ri0t': 'sriit', '00amy': 'foamy', '0e00ry': 'ceekry', '0ebr0': 'lebrh'}
150,28.53333333333333,4.077548063516949,30.0,75,50,5,8,3,0,791.5782810309902,TextBlobWordFinder,40.0,{'0ro0ec0': 'project', '0ala00': 'galaxy', '0ra0e0': 'brazen', '0e00est': 'request', '0o0ey': 'dovey', 's00r0': 'swarm', '00amy': 'foamy', '0e00ry': 'keiery', '0ri0t': 'lriht', '0ebr0': 'sebrc'}
150,27.799999999999997,4.615410428425492,30.0,75,50,5,3,3,0,342.3008039289998,TextBlobWordFinder,40.0,{'0ro0ec0': 'project', '0ala00': 'galaxy', '0e00est': 'bequest', '0ri0t': 'wrist', '0o0ey': 'money', 's00r0': 'share', '0ebr0': 'febri', '00amy': 'loamy', '0e00ry': 'vezcry', '0ra0e0': 'rraked'}
150,29.2,3.5747060704249356,30.0,75,50,5,3,4,0,393.533320980001,TextBlobWordFinder,40.0,{'0ala00': 'galaxy', '0ro0ec0': 'project', '0e00est': 'request', '0ra0e0': 'brazen', '0o0ey': 'dovey', 's00r0': 'swarm', '00amy': 'foamy', '0ebr0': 'lebre', '0e00ry': 'heicry', '0ri0t': 'srikt'}
150,28.199999999999996,4.644401985041531,30.0,75,50,5,3,5,0,457.9021349579998,TextBlobWordFinder,40.0,{'0ro0ec0': 'project', '0ala00': 'galaxy', '0e00est': 'request', '0ra0e0': 'brazen', '0o0ey': 'dovey', 's00r0': 'swarm', '00amy': 'foamy', '0ebr0': 'lebri', '0e00ry': 'seekry', '0ri0t': 'hrict'}
10,27.999999999999996,4.216370213557838,30.0,5,50,5,3,3,0,338.74652504798723,TextBlobWordFinder,30.0,{'0ro0ec0': 'project', '0ala00': 'galaxy', '0ra0e0': 'brazen', '0e00est': 'request', '0o0ey': 'dovey', 's00r0': 'swarm', '0e00ry': 'seiory', '0ebr0': 'cebre', '0ri0t': 'frilt', '00amy': 'hkamy'}
20,27.500000000000004,5.501196042201808,30.0,10,50,5,3,3,0,335.2908803400205,TextBlobWordFinder,40.0,{'0ro0ec0': 'project', '0ala00': 'galaxy', '0ra0e0': 'brazen', '0e00est': 'request', '0o0ey': 'dovey', 's00r0': 'swarm', '00amy': 'foamy', '0e00ry': 'heiery', '0ebr0': 'lebrk', '0ri0t': 'crist'}
50,29.799999999999997,4.280949732506199,30.0,25,50,5,3,3,0,341.4426653359842,TextBlobWordFinder,40.0,{'0ala00': 'galaxy', '0ro0ec0': 'project', '0e00est': 'request', '0ra0e0': 'brazen', '0o0ey': 'dovey', 's00r0': 'swarm', '0ebr0': 'lebri', '0ri0t': 'sriet', '00amy': 'foamy', '0e00ry': 'hekcry'}
150,30.2,1.4046901303903678,30.0,50,50,5,3,3,0,339.9735902439861,TextBlobWordFinder,40.0,{'0ra0e0': 'brazen', '0ro0ec0': 'project', '0ala00': 'galaxy', '0e00est': 'request', '0o0ey': 'dovey', 's00r0': 'swarm', '00amy': 'foamy', '0ri0t': 'lriit', '0ebr0': 'sebre', '0e00ry': 'heckry'}
150,28.599999999999998,4.9194859774044675,30.0,75,50,5,3,3,0,342.80889839099837,TextBlobWordFinder,40.0,{'0ala00': 'galaxy', '0ro0ec0': 'project', '0ra0e0': 'brazen', '0e00est': 'request', '0o0ey': 'dovey', 's00r0': 'swarm', '0ri0t': 'criet', '00amy': 'foamy', '0ebr0': 'kebri', '0e00ry': 'heslry'}
300,30.433333333333334,2.0394656873443777,30.0,100,50,5,3,3,0,343.9399985850032,TextBlobWordFinder,40.0,{'0ro0ec0': 'project', '0ala00': 'galaxy', '0ra0e0': 'brazen', '0e00est': 'request', '0o0ey': 'dovey', 's00r0': 'swarm', '0ebr0': 'sebri', '0ri0t': 'lriet', '00amy': 'foamy', '0e00ry': 'cehkry'}
250,28.32,4.523211000053393,30.0,125,50,5,3,3,0,341.91037811301067,TextBlobWordFinder,40.0,{'0ro0ec0': 'project', '0ala00': 'galaxy', '0ra0e0': 'brazen', '0e00est': 'request', '0o0ey': 'dovey', 's00r0': 'swarm', '00amy': 'foamy', '0ri0t': 'criet', '0ebr0': 'hebri', '0e00ry': 'selkry'}
300,28.633333333333333,4.3043365651914,30.0,150,50,5,3,3,0,337.9547797309933,TextBlobWordFinder,40.0,{'0ro0ec0': 'project', '0ala00': 'galaxy', '0e00est': 'request', '0ra0e0': 'brazen', '0o0ey': 'dovey', 's00r0': 'swarm', '00amy': 'foamy', '0ri0t': 'lriit', '0e00ry': 'seecry', '0ebr0': 'kebrh'}
150,9.933333333333334,8.630884660472029,10.0,75,0,0,0,0,10,80.55687657700037,PyspellcheckerWordFinder,30.0,{'0e00est': 'bequest', '0o0ey': 'josey', 's00r0': 'shirk', '0ra0e0': 'gravel', '0ala00': 'palace', '0ebr0': 'zebra', '00amy': 'foamy', '0e00ry': 'netdry', '0ri0t': 'xrixt', '0ro0ec0': 'rrowecm'}
10,7.000000000000001,6.7494855771055295,10.0,5,0,0,0,0,10,77.377360191982,PyspellcheckerWordFinder,20.0,{'0e00est': 'bequest', '0o0ey': 'jokey', '0ra0e0': 'gracey', '0ebr0': 'zebra', 's00r0': 'swirl', '0ri0t': 'print', '0ala00': 'salade', '00amy': 'foamy', '0ro0ec0': 'rroxecx', '0e00ry': 'vehtry'}
20,24.5,9.445132413883325,20.0,10,0,0,0,0,10,79.74590671301121,PyspellcheckerWordFinder,50.0,{'0ra0e0': 'graven', '0e00est': 'request', '0ebr0': 'zebra', '0o0ey': 'josey', '0ri0t': 'britt', '00amy': 'foamy', '0ala00': 'malady', '0e00ry': 'celery', 's00r0': 'shirk', '0ro0ec0': 'xroxecw'}
50,24.2,10.319389319061829,20.0,25,0,0,0,0,10,78.87993241599179,PyspellcheckerWordFinder,50.0,{'0o0ey': 'money', '0ri0t': 'wrist', '0ala00': 'galaxy', 's00r0': 'skirt', '00amy': 'foamy', '0e00est': 'deepest', '0ebr0': 'zebra', '0ra0e0': 'hraueq', '0e00ry': 'becrry', '0ro0ec0': 'vroqecj'}
100,15.8,7.936617603859908,20.0,50,0,0,0,0,10,78.92669380098232,PyspellcheckerWordFinder,30.0,{'0e00est': 'request', '0o0ey': 'josey', '0e00ry': 'hendry', '0ebr0': 'zebra', 's00r0': 'skirl', '00amy': 'foamy', '0ri0t': 'gritt', '0ala00': 'valaex', '0ra0e0': 'wraxey', '0ro0ec0': 'brocecm'}
150,13.133333333333333,8.833787080490744,10.0,75,0,0,0,0,10,80.54183160100365,PyspellcheckerWordFinder,40.0,{'0e00est': 'request', '0o0ey': 'jokey', '00amy': 'foamy', '0ra0e0': 'braved', '0ebr0': 'zebra', 's00r0': 'swirl', '0ri0t': 'print', '0ala00': 'salame', '0e00ry': 'cetxry', '0ro0ec0': 'hrogecy'}
200,30.45,9.473448746669762,30.0,100,0,0,0,0,10,80.8320969909837,PyspellcheckerWordFinder,60.0,{'0e00est': 'request', '0ala00': 'galaxy', '0o0ey': 'jokey', '0ra0e0': 'braved', '0ebr0': 'zebra', 's00r0': 'sperm', '0ri0t': 'wrist', '00amy': 'foamy', '0e00ry': 'ceitry', '0ro0ec0': 'lronech'}
250,6.4,6.324555320336758,10.0,125,0,0,0,0,10,82.1310418760113,PyspellcheckerWordFinder,30.0,{'0ri0t': 'wrist', '0o0ey': 'jokey', 's00r0': 'spire', '00amy': 'foamy', '0ra0e0': 'gravel', '0ebr0': 'zebra', '0ro0ec0': 'mrouech', '0e00est': 'qenqest', '0ala00': 'xalabx', '0e00ry': 'decyry'}
300,20.4,10.466062370273814,20.0,150,0,0,0,0,10,80.62949762202334,PyspellcheckerWordFinder,40.0,{'0ra0e0': 'craned', '0ala00': 'galaxy', '0ebr0': 'zebra', '0o0ey': 'jokey', '0ri0t': 'wrist', '00amy': 'foamy', 's00r0': 'shirl', '0e00ry': 'qeuery', '0e00est': 'metrest', '0ro0ec0': 'qrovecb'}
225,10.0,0.0,10.0,75,0,0,0,0,5,47.457258362002904,PyspellcheckerWordFinder,10.0,{'0e00est': 'sexiest', '0ebr0': 'zebra', '0o0ey': 'jokey', 's00r0': 'slorc', '0ri0t': 'britt', '0e00ry': 'penury', '0ra0e0': 'draeew', '0ro0ec0': 'qroyecf', '00amy': 'hvamy', '0ala00': 'ralamq'}
150,29.133333333333333,11.2289574519905,30.0,75,0,0,0,0,10,81.51963272198918,PyspellcheckerWordFinder,50.0,{'0ala00': 'galaxy', '0e00est': 'request', '0o0ey': 'jokey', '00amy': 'foamy', '0ebr0': 'zebra', 's00r0': 'shirt', '0ri0t': 'wrist', '0e00ry': 'pendry', '0ra0e0': 'vraeeb', '0ro0ec0': 'mrolecc'}
150,13.866666666666665,8.883033119656918,10.0,75,0,0,0,0,15,114.39256682200357,PyspellcheckerWordFinder,50.0,{'0o0ey': 'money', '0ala00': 'galaxy', 's00r0': 'spurt', '00amy': 'foamy', '0e00ry': 'celery', '0ebr0': 'zebra', '0ra0e0': 'drakes', '0ro0ec0': 'qroiecb', '0e00est': 'jehvest', '0ri0t': 'qrirt'}
150,7.666666666666668,7.086869100423152,10.0,75,0,0,0,0,20,149.74895826500142,PyspellcheckerWordFinder,30.0,{'0e00est': 'sexiest', '0o0ey': 'jokey', 's00r0': 'spurn', '0ra0e0': 'drawer', '0ebr0': 'zebra', '0e00ry': 'celery', '0ri0t': 'britt', '00amy': 'foamy', '0ro0ec0': 'gromech', '0ala00': 'valaqy'}
150,22.46666666666667,12.688136755161231,20.0,75,0,0,0,0,25,184.38173590099905,PyspellcheckerWordFinder,60.0,{'0ra0e0': 'braved', '0ebr0': 'zebra', '0o0ey': 'jokey', '0e00est': 'request', '0ala00': 'galaxy', 's00r0': 'snort', '0ri0t': 'wrist', '0e00ry': 'celery', '00amy': 'hiamy', '0ro0ec0': 'promecf'}
150,22.26666666666667,10.81551623820525,20.0,75,0,0,0,0,26,191.4782252899895,PyspellcheckerWordFinder,40.0,{'0e00est': 'request', '0ala00': 'galaxy', '0o0ey': 'jokey', 's00r0': 'share', '0ri0t': 'wrist', '00amy': 'foamy', '0ra0e0': 'braced', '0e00ry': 'veipry', '0ro0ec0': 'trolecz', '0ebr0': 'mebrn'}